{
  "response_code": 0,
  "results": [
    {
      "category": "Animals",
      "type": "multiple",
      "difficulty": "medium",
      "question": "What does &quot;hippopotamus&quot; mean and in what langauge?",
      "correct_answer": "River Horse (Greek)",
      "incorrect_answers": [
        "River Horse (Latin)",
        "Fat Pig (Greek)",
        "Fat Pig (Latin)"
      ]
    },
    {
      "category": "Entertainment: Television",
      "type": "multiple",
      "difficulty": "medium",
      "question": "In the Doctor Who universe, how many times can a time lord normally regenerate?",
      "correct_answer": "12",
      "incorrect_answers": [
        "11",
        "13",
        "15"
      ]
    },
    {
      "category": "Animals",
      "type": "multiple",
      "difficulty": "medium",
      "question": "A carnivorous animal eats flesh, what does a nucivorous animal eat?",
      "correct_answer": "Nuts",
      "incorrect_answers": [
        "Nothing",
        "Fruit",
        "Seaweed"
      ]
    },
    {
      "category": "General Knowledge",
      "type": "multiple",
      "difficulty": "medium",
      "question": "This field is sometimes known as &ldquo;The Dismal Science.&rdquo;",
      "correct_answer": "Economics",
      "incorrect_answers": [
        "Philosophy",
        "Politics",
        "Physics"
      ]
    },
    {
      "category": "Entertainment: Film",
      "type": "multiple",
      "difficulty": "medium",
      "question": "In the movie &ldquo;The Iron Giant,&rdquo; this character is the protagonist.",
      "correct_answer": "Hogarth Hughes",
      "incorrect_answers": [
        "Kent Mansley",
        "Dean McCoppin",
        "Annie Hughes"
      ]
    },
    {
      "category": "Entertainment: Music",
      "type": "multiple",
      "difficulty": "medium",
      "question": "Which band had hits in 1975 with the songs, &#039;One Of These Nights&#039; &amp; &#039;Lyin Eyes&#039;?",
      "correct_answer": "The Eagles",
      "incorrect_answers": [
        "Fools Gold",
        "The Doobie Brothers",
        "Fleetwood Mac"
      ]
    },
    {
      "category": "Entertainment: Music",
      "type": "multiple",
      "difficulty": "medium",
      "question": "Who had a US and UK number 1 hit in 1962 with the instrumental, &#039;Telstar&#039;?",
      "correct_answer": "The Tornados",
      "incorrect_answers": [
        "The Ventures",
        "The Spotnicks",
        "The Tremeloes"
      ]
    },
    {
      "category": "Entertainment: Film",
      "type": "multiple",
      "difficulty": "medium",
      "question": "Who voiced the character Draco in the 1996 movie &#039;DragonHeart&#039;?",
      "correct_answer": "Sean Connery",
      "incorrect_answers": [
        "Dennis Quaid",
        "Pete Postlethwaite",
        "Brian Thompson"
      ]
    },
    {
      "category": "Animals",
      "type": "boolean",
      "difficulty": "medium",
      "question": "An octopus can fit through any hole larger than its beak.",
      "correct_answer": "True",
      "incorrect_answers": [
        "False"
      ]
    },
    {
      "category": "History",
      "type": "boolean",
      "difficulty": "medium",
      "question": "The two atomic bombs dropped on Japan by the United States in August 1945 were named &#039;Little Man&#039; and &#039;Fat Boy&#039;.",
      "correct_answer": "False",
      "incorrect_answers": [
        "True"
      ]
    },
    {
      "category": "General Knowledge",
      "type": "multiple",
      "difficulty": "medium",
      "question": "Which essential condiment is also known as Japanese horseradish?",
      "correct_answer": "Wasabi ",
      "incorrect_answers": [
        "Mentsuyu",
        "Karashi",
        "Ponzu"
      ]
    },
    {
      "category": "History",
      "type": "multiple",
      "difficulty": "medium",
      "question": "When did Jamaica recieve its independence from England? ",
      "correct_answer": "1962",
      "incorrect_answers": [
        "1492",
        "1963",
        "1987"
      ]
    },
    {
      "category": "Science: Computers",
      "type": "multiple",
      "difficulty": "medium",
      "question": "All of the following programs are classified as raster graphics editors EXCEPT:",
      "correct_answer": "Inkscape",
      "incorrect_answers": [
        "Paint.NET",
        "GIMP",
        "Adobe Photoshop"
      ]
    },
    {
      "category": "Science & Nature",
      "type": "boolean",
      "difficulty": "medium",
      "question": "A defibrillator is used to start up a heartbeat once a heart has stopped beating.",
      "correct_answer": "False",
      "incorrect_answers": [
        "True"
      ]
    },
    {
      "category": "Entertainment: Music",
      "type": "multiple",
      "difficulty": "medium",
      "question": "Which of these is NOT the name of an album released by American rapper Viper?",
      "correct_answer": "The Life of Pablo",
      "incorrect_answers": [
        "Kill Urself My Man",
        "You&#039;ll Cowards Don&#039;t Even Smoke Crack",
        "Yo Wife Handcuffin&#039; Me"
      ]
    },
    {
      "category": "Politics",
      "type": "multiple",
      "difficulty": "medium",
      "question": "Due to the Nagoya Resolution, China agreed to allow Taiwan to compete separately in international sporting events under what name?",
      "correct_answer": "Chinese Taipei",
      "incorrect_answers": [
        "Chinese Taiwan",
        "Republic of Taiwan",
        "Republic of Taipei "
      ]
    },
    {
      "category": "Science & Nature",
      "type": "multiple",
      "difficulty": "medium",
      "question": "In Chemistry, how many isomers does Butanol (C4H9OH) have?",
      "correct_answer": "4",
      "incorrect_answers": [
        "3",
        "5",
        "6"
      ]
    },
    {
      "category": "Entertainment: Music",
      "type": "multiple",
      "difficulty": "medium",
      "question": "What is Brian May&#039;s guitar called?",
      "correct_answer": "Red Special",
      "incorrect_answers": [
        "Blue Special",
        "Green Special",
        "Yellow Special"
      ]
    },
    {
      "category": "Entertainment: Cartoon & Animations",
      "type": "multiple",
      "difficulty": "medium",
      "question": "In the animated series RWBY, what is the name of the weapon used by Weiss Schnee?",
      "correct_answer": "Myrtenaster",
      "incorrect_answers": [
        "Gambol Shroud",
        "Crescent Rose",
        "Ember Celica"
      ]
    },
    {
      "category": "History",
      "type": "multiple",
      "difficulty": "medium",
      "question": "Which American civilization is the source of the belief that the world would end or drastically change on December 21st, 2012?",
      "correct_answer": "The Mayans",
      "incorrect_answers": [
        "The Incas",
        "The Aztecs",
        "The Navajos"
      ]
    },
    {
      "category": "Entertainment: Music",
      "type": "multiple",
      "difficulty": "medium",
      "question": "What musician made the song &quot;Fuckin` Perfect&quot; in 2010?",
      "correct_answer": "P!nk",
      "incorrect_answers": [
        "Mitis",
        "Adam lambert",
        "Koven"
      ]
    },
    {
      "category": "Sports",
      "type": "multiple",
      "difficulty": "medium",
      "question": "Which soccer team won the Copa Am&eacute;rica Centenario 2016?",
      "correct_answer": "Chile",
      "incorrect_answers": [
        "Argentina",
        "Brazil",
        "Colombia"
      ]
    },
    {
      "category": "Entertainment: Music",
      "type": "boolean",
      "difficulty": "medium",
      "question": "For his performance at ComplexCon 2016 in Long Beach, California, Skrillex revived his &quot;Mothership&quot; set piece for one night only.",
      "correct_answer": "True",
      "incorrect_answers": [
        "False"
      ]
    },
    {
      "category": "Science: Mathematics",
      "type": "boolean",
      "difficulty": "medium",
      "question": "E = MC3",
      "correct_answer": "False",
      "incorrect_answers": [
        "True"
      ]
    },
    {
      "category": "Entertainment: Video Games",
      "type": "boolean",
      "difficulty": "medium",
      "question": "Pistons were added to Minecraft in Beta 1.5.",
      "correct_answer": "False",
      "incorrect_answers": [
        "True"
      ]
    },
    {
      "category": "Entertainment: Comics",
      "type": "multiple",
      "difficulty": "medium",
      "question": "Who created Ultron of Earth-616?",
      "correct_answer": "Henry Pym",
      "incorrect_answers": [
        "Amadeus Cho",
        "Tony Stark",
        "Reed Richards"
      ]
    },
    {
      "category": "Celebrities",
      "type": "multiple",
      "difficulty": "medium",
      "question": "What was the name of Marilyn Monroe&#039;s first husband?",
      "correct_answer": "James Dougherty",
      "incorrect_answers": [
        "Joe Dimaggio",
        "Kirk Douglas",
        "Arthur Miller"
      ]
    },
    {
      "category": "History",
      "type": "multiple",
      "difficulty": "medium",
      "question": "Which U.S. president took part in the Potsdam Conference, where the Allies reached a peace settlement with Germany?",
      "correct_answer": "Harry S. Truman",
      "incorrect_answers": [
        "Dwight D. Eisenhower",
        "Franklin D. Roosevelt",
        "Herbert Hoover"
      ]
    },
    {
      "category": "Entertainment: Video Games",
      "type": "multiple",
      "difficulty": "medium",
      "question": "The cake depicted in Valve&#039;s &quot;Portal&quot; franchise most closely resembles which real-world type of cake?",
      "correct_answer": "Black Forest",
      "incorrect_answers": [
        "Devil&#039;s Food",
        "Molten Chocolate",
        "German Chocolate"
      ]
    },
    {
      "category": "Entertainment: Video Games",
      "type": "multiple",
      "difficulty": "medium",
      "question": "In &quot;The Binding of Isaac&quot;, what is the name of the final boss that you fight in The Void?",
      "correct_answer": "Delirium",
      "incorrect_answers": [
        "Mega Satan",
        "Hush",
        "The Lamb"
      ]
    },
    {
      "category": "Entertainment: Japanese Anime & Manga",
      "type": "multiple",
      "difficulty": "medium",
      "question": "In &quot;Toriko&quot;, which of the following foods is knowingly compatible with Toriko?",
      "correct_answer": "Poison Potato",
      "incorrect_answers": [
        "Mors Oil",
        "Alpacookie",
        "Parmesansho Fruit"
      ]
    },
    {
      "category": "Entertainment: Video Games",
      "type": "multiple",
      "difficulty": "medium",
      "question": "Which was the first &quot;Call Of Duty: Zombies&quot; map to introduce the &quot;Wunderwaffe DG-2&quot;?",
      "correct_answer": "Shi No Numa",
      "incorrect_answers": [
        "Tranzit",
        "Kino Der Toten",
        "Der Riese"
      ]
    },
    {
      "category": "Entertainment: Video Games",
      "type": "multiple",
      "difficulty": "medium",
      "question": "Which of the following colors does the Zombie eyes glow in the &quot;Nuketown&quot; map in &quot;Call of Duty: Black Ops II&quot; Zombies mode?",
      "correct_answer": "Yellow and Blue",
      "incorrect_answers": [
        "Yellow and Red",
        "Red and Blue",
        "Blue and White"
      ]
    },
    {
      "category": "General Knowledge",
      "type": "multiple",
      "difficulty": "medium",
      "question": "What was the original name of the search engine &quot;Google&quot;?",
      "correct_answer": "BackRub",
      "incorrect_answers": [
        "CatMassage",
        "SearchPro",
        "Netscape Navigator"
      ]
    },
    {
      "category": "Entertainment: Japanese Anime & Manga",
      "type": "multiple",
      "difficulty": "medium",
      "question": "In &quot;Black Lagoon&quot;, what colour is Rock&#039;s tie?",
      "correct_answer": "Teal",
      "incorrect_answers": [
        "Crimson",
        "Dark Brown",
        "Black"
      ]
    },
    {
      "category": "Geography",
      "type": "multiple",
      "difficulty": "medium",
      "question": "What is the capital of Lithuania?",
      "correct_answer": "Vilnius",
      "incorrect_answers": [
        "Tallinn",
        "Helsinki",
        "Riga"
      ]
    },
    {
      "category": "Entertainment: Television",
      "type": "multiple",
      "difficulty": "medium",
      "question": "On the NBC show Community what was Star Burns&#039; real name?",
      "correct_answer": "Alex",
      "incorrect_answers": [
        "Todd",
        "Neal",
        "Grimus"
      ]
    },
    {
      "category": "Sports",
      "type": "multiple",
      "difficulty": "medium",
      "question": "Which NBA player won Most Valuable Player for the 1999-2000 season?",
      "correct_answer": "Shaquille O&#039;Neal",
      "incorrect_answers": [
        "Allen Iverson",
        "Kobe Bryant",
        "Paul Pierce"
      ]
    },
    {
      "category": "Entertainment: Music",
      "type": "multiple",
      "difficulty": "medium",
      "question": "Which novelty band was best known for their UK chart hits &quot;Combine Harvester&quot; and &quot;I Am a Cider Drinker&quot; in 1976?",
      "correct_answer": "The Wurzels",
      "incorrect_answers": [
        "Goldie Lookin Chain",
        "Bonzo Dog Doo-Dah Band",
        "The Firm"
      ]
    },
    {
      "category": "Entertainment: Music",
      "type": "multiple",
      "difficulty": "medium",
      "question": "Which member of the British pop group &quot;The Spice Girls&quot; was known as Ginger Spice?",
      "correct_answer": "Geri Halliwell",
      "incorrect_answers": [
        "Melanie Brown",
        "Emma Bunton",
        "Victoria Beckham"
      ]
    },
    {
      "category": "Entertainment: Television",
      "type": "multiple",
      "difficulty": "medium",
      "question": "Who was Firestorm&#039;s rival during the original run of UK Robot Wars?",
      "correct_answer": "Panic Attack",
      "incorrect_answers": [
        "Razer",
        "Chaos 2",
        "Hypno Disc"
      ]
    },
    {
      "category": "Science & Nature",
      "type": "multiple",
      "difficulty": "medium",
      "question": "Which of these choices is not one of the phases of mitosis?",
      "correct_answer": "Diplophase",
      "incorrect_answers": [
        "Metaphase",
        "Anaphase",
        "Telophase"
      ]
    },
    {
      "category": "Entertainment: Musicals & Theatres",
      "type": "multiple",
      "difficulty": "medium",
      "question": "Who played Marquis de Lafayette and Thomas Jefferson in the original Broadway run of Hamilton?",
      "correct_answer": "Daveed Diggs",
      "incorrect_answers": [
        "Lin-Manuel Miranda",
        "Javier Mu&ntilde;oz",
        "Wayne Brady"
      ]
    },
    {
      "category": "General Knowledge",
      "type": "multiple",
      "difficulty": "medium",
      "question": "Directly between the Washington Monument and the Reflecting Pool is a memorial to which war?",
      "correct_answer": "World War II",
      "incorrect_answers": [
        "Vietnam War",
        "American Civil War",
        "American Revolutionary War"
      ]
    },
    {
      "category": "Mythology",
      "type": "multiple",
      "difficulty": "medium",
      "question": "Hel was the daughter of which Norse Mythological figure?",
      "correct_answer": "Loki",
      "incorrect_answers": [
        "Thor",
        "Odin",
        "Balder"
      ]
    },
    {
      "category": "Entertainment: Video Games",
      "type": "multiple",
      "difficulty": "medium",
      "question": "In the co-op shooter Payday 2, which contact helps you break out Hoxton?",
      "correct_answer": "The Dentist",
      "incorrect_answers": [
        "Vlad",
        "The Elephant",
        "The Butcher"
      ]
    },
    {
      "category": "Entertainment: Comics",
      "type": "multiple",
      "difficulty": "medium",
      "question": "What is Homestuck character Gamzee&#039;s last name?",
      "correct_answer": "Makara",
      "incorrect_answers": [
        "Makera",
        "Makare",
        "Makrea"
      ]
    },
    {
      "category": "Sports",
      "type": "multiple",
      "difficulty": "medium",
      "question": "Who won the 2018 Monaco Grand Prix?",
      "correct_answer": "Daniel Ricciardo",
      "incorrect_answers": [
        "Sebastian Vettel",
        "Kimi Raikkonen",
        "Lewis Hamilton"
      ]
    },
    {
      "category": "Entertainment: Music",
      "type": "multiple",
      "difficulty": "medium",
      "question": "Which of the following music bands is not from Finland?",
      "correct_answer": "Sabaton",
      "incorrect_answers": [
        "Apocalyptica",
        "Waltari",
        "Lordi"
      ]
    },
    {
      "category": "Entertainment: Comics",
      "type": "multiple",
      "difficulty": "medium",
      "question": "In Black Hammer, what dimension does Colonel Weird travel through?",
      "correct_answer": "Para-Zone",
      "incorrect_answers": [
        "Hyperspace",
        "Mirror Universe",
        "Phantom Zone"
      ]
    }
  ]
}
