[
    {
      "category": "Mythology",
      "type": "multiple",
      "difficulty": "hard",
      "question": "What was the punishment for Sisyphus's craftiness?",
      "correct_answer": "Cursed to roll a boulder up a hill for eternity.",
      "incorrect_answers": [
        "Tied to a boulder for eternity, being pecked by birds.",
        "Standing in a lake filled with water he could not drink.",
        "To fell a tree that regenerated after every axe swing."
      ]
    },
    {
      "category": "Science & Nature",
      "type": "multiple",
      "difficulty": "hard",
      "question": "How many objects are equivalent to one mole?",
      "correct_answer": "6.022 x 10^23",
      "incorrect_answers": [
        "6.002 x 10^22",
        "6.022 x 10^22",
        "6.002 x 10^23"
      ]
    },
    {
      "category": "Entertainment: Books",
      "type": "multiple",
      "difficulty": "hard",
      "question": "In the Harry Potter universe, who does Draco Malfoy end up marrying?",
      "correct_answer": "Astoria Greengrass",
      "incorrect_answers": [
        "Pansy Parkinson",
        "Millicent Bulstrode",
        "Hermione Granger"
      ]
    },
    {
      "category": "Entertainment: Video Games",
      "type": "boolean",
      "difficulty": "hard",
      "question": "Unturned originally started as a Roblox game.",
      "correct_answer": "True",
      "incorrect_answers": [
        "False"
      ]
    },
    {
      "category": "Geography",
      "type": "multiple",
      "difficulty": "hard",
      "question": "What is the name of one of the Neo-Aramaic languages spoken by the Jewish population from Northwestern Iraq?",
      "correct_answer": "Lishana Deni",
      "incorrect_answers": [
        "Hulaulá;",
        "Lishan Didan",
        "Chaldean Neo-Aramaic"
      ]
    },
    {
      "category": "Geography",
      "type": "multiple",
      "difficulty": "hard",
      "question": "In 2012 the German-speaking microstate Liechtenstein in Central Europe had a population of how many inhabitants?",
      "correct_answer": "36,600",
      "incorrect_answers": [
        "2,400",
        "90,000",
        "323,400"
      ]
    },
    {
      "category": "General Knowledge",
      "type": "multiple",
      "difficulty": "hard",
      "question": "Which of the following chemicals are found in eggplant seeds?",
      "correct_answer": "Nicotine",
      "incorrect_answers": [
        "Mescaline",
        "Cyanide",
        "Psilocybin"
      ]
    },
    {
      "category": "Entertainment: Music",
      "type": "multiple",
      "difficulty": "hard",
      "question": "Who won the 1989 Drum Corps International championships?",
      "correct_answer": "Santa Clara Vanguard",
      "incorrect_answers": [
        "Blue Devils",
        "The Academy",
        "The Bluecoats"
      ]
    },
    {
      "category": "Animals",
      "type": "multiple",
      "difficulty": "hard",
      "question": "What scientific family does the Aardwolf belong to?",
      "correct_answer": "Hyaenidae",
      "incorrect_answers": [
        "Canidae",
        "Felidae",
        "Eupleridae"
      ]
    },
    {
      "category": "General Knowledge",
      "type": "multiple",
      "difficulty": "hard",
      "question": "Which of these banks are NOT authorized to issue currency notes in Hong Kong?",
      "correct_answer": "OCBC",
      "incorrect_answers": [
        "HSBC",
        "Standard Chartered",
        "Bank of China"
      ]
    },
    {
      "category": "Entertainment: Video Games",
      "type": "multiple",
      "difficulty": "hard",
      "question": "In the game Nuclear Throne, what organization chases the player character throughout the game?",
      "correct_answer": "The I.D.P.D",
      "incorrect_answers": [
        "The Fishmen",
        "The Bandits",
        "The Y.V.G.G"
      ]
    },
    {
      "category": "Entertainment: Video Games",
      "type": "multiple",
      "difficulty": "hard",
      "question": "In the game 'Overwatch', which quote does the hero 'McCree' NOT say upon using his flashbang ability?",
      "correct_answer": "'You done?'",
      "incorrect_answers": [
        "'Whoa there.'",
        "'Hold up now.'",
        "'Don't move.'"
      ]
    },
    {
      "category": "Entertainment: Musicals & Theatres",
      "type": "multiple",
      "difficulty": "hard",
      "question": "What is the name of Broadway's first 'long-run' musical?",
      "correct_answer": "The Elves",
      "incorrect_answers": [
        "Wicked",
        "Hamilton",
        "The Book of Mormon"
      ]
    },
    {
      "category": "Geography",
      "type": "multiple",
      "difficulty": "hard",
      "question": "What is the area of Vatican City?",
      "correct_answer": "0.44km^2",
      "incorrect_answers": [
        "0.10km^2",
        "0.86km^2",
        "12.00km^2"
      ]
    },
    {
      "category": "Entertainment: Musicals & Theatres",
      "type": "multiple",
      "difficulty": "hard",
      "question": "Who wrote the lyrics for Leonard Bernstein's 1957 Brodway musical West Side Story?",
      "correct_answer": "Stephen Sondheim",
      "incorrect_answers": [
        "Himself",
        "Oscar Hammerstein",
        "Richard Rodgers"
      ]
    },
    {
      "category": "Entertainment: Video Games",
      "type": "multiple",
      "difficulty": "hard",
      "question": "In Monster Hunter Generations, which of these hunter arts are exclusive to the Longsword?",
      "correct_answer": "Unhinged Spirit",
      "incorrect_answers": [
        "Shoryugeki",
        "Provoke",
        "Demon Riot"
      ]
    },
    {
      "category": "Entertainment: Video Games",
      "type": "multiple",
      "difficulty": "hard",
      "question": "In Xenoblade Chronicles X, which class has a sniper rifle as it's primary weapon?",
      "correct_answer": "Partisan Eagle",
      "incorrect_answers": [
        "Blast Fencer",
        "Winged Viper",
        "Bastion Warrior"
      ]
    },
    {
      "category": "History",
      "type": "multiple",
      "difficulty": "hard",
      "question": "What was found in 1946 by two young shepherds near a cave?",
      "correct_answer": "Dead Sea Scrolls",
      "incorrect_answers": [
        "The Blackbeard Chest",
        "Sheep",
        "The First Oaxaca Cave Sleeper"
      ]
    },
    {
      "category": "Mythology",
      "type": "multiple",
      "difficulty": "hard",
      "question": "Nidhogg is a mythical creature from what mythology?",
      "correct_answer": "Norse",
      "incorrect_answers": [
        "Egyptian",
        "Greek",
        "Hindu"
      ]
    },
    {
      "category": "History",
      "type": "multiple",
      "difficulty": "hard",
      "question": "The Battle of Hastings was fought in which year?",
      "correct_answer": "1066",
      "incorrect_answers": [
        "911",
        "1204",
        "1420"
      ]
    },
    {
      "category": "Entertainment: Video Games",
      "type": "multiple",
      "difficulty": "hard",
      "question": "In Animal Crossing: New Leaf, which of these paintings from Redd's Art Gallery is always genuine?",
      "correct_answer": "Warm Painting",
      "incorrect_answers": [
        "Jolly Painting",
        "Neutral Painting",
        "Wistful Painting"
      ]
    },
    {
      "category": "Science & Nature",
      "type": "multiple",
      "difficulty": "hard",
      "question": "What element on the periodic table has 92 electrons?",
      "correct_answer": "Uranium",
      "incorrect_answers": [
        "Sulfur",
        "Hydrogen",
        "Iron"
      ]
    },
    {
      "category": "Entertainment: Musicals & Theatres",
      "type": "multiple",
      "difficulty": "hard",
      "question": "In Macbeth, the eyes of what animals were used in the Witches' cauldron?",
      "correct_answer": "Newts",
      "incorrect_answers": [
        "Humans",
        "Sharks",
        "Squids"
      ]
    },
    {
      "category": "Science: Computers",
      "type": "multiple",
      "difficulty": "hard",
      "question": "Which data structure does FILO apply to?",
      "correct_answer": "Stack",
      "incorrect_answers": [
        "Queue",
        "Heap",
        "Tree"
      ]
    },
    {
      "category": "Entertainment: Video Games",
      "type": "multiple",
      "difficulty": "hard",
      "question": "How many voice channels does the Super Nintendo Entertainment System support?",
      "correct_answer": "8",
      "incorrect_answers": [
        "6",
        "10",
        "12"
      ]
    },
    {
      "category": "Entertainment: Video Games",
      "type": "multiple",
      "difficulty": "hard",
      "question": "Which team won the 'Tom Clancy's Rainbow Six Siege' Invitational Event February 2017 in the PC Category?",
      "correct_answer": "Continuum",
      "incorrect_answers": [
        "GIFU",
        "Santos Dexterity",
        "eRa Eternity"
      ]
    },
    {
      "category": "Science: Computers",
      "type": "multiple",
      "difficulty": "hard",
      "question": "Which of these is not a key value of Agile software development?",
      "correct_answer": "Comprehensive documentation",
      "incorrect_answers": [
        "Individuals and interactions",
        "Customer collaboration",
        "Responding to change"
      ]
    },
    {
      "category": "History",
      "type": "multiple",
      "difficulty": "hard",
      "question": "What was the aim of the 'Umbrella Revolution' in Hong Kong in 2014?",
      "correct_answer": "Genuine universal suffrage",
      "incorrect_answers": [
        "Gaining Independence",
        "Go back under British Rule",
        "Lower taxes"
      ]
    },
    {
      "category": "History",
      "type": "boolean",
      "difficulty": "hard",
      "question": "During the Winter War, the amount of Soviet Union soliders that died or went missing was five times more than Finland's.",
      "correct_answer": "True",
      "incorrect_answers": [
        "False"
      ]
    },
    {
      "category": "Politics",
      "type": "boolean",
      "difficulty": "hard",
      "question": "George Clinton, Vice President of the United States (1805-1812), is an ancestor of President Bill Clinton.",
      "correct_answer": "False",
      "incorrect_answers": [
        "True"
      ]
    },
    {
      "category": "Entertainment: Film",
      "type": "multiple",
      "difficulty": "hard",
      "question": "Which actors made up the trio in 'The Good, the Bad, and the Ugly'? ",
      "correct_answer": "Clint Eastwood, Eli Wallach, and Lee Van Cleef",
      "incorrect_answers": [
        "Sergio Leone, Ennio Morricone, and Tonino Delli Colli",
        "Yul Brynner, Steve McQueen, and Charles Bronson",
        "Aldo Giuffrè;, Mario Brega, and Luigi Pistilli"
      ]
    },
    {
      "category": "Entertainment: Video Games",
      "type": "multiple",
      "difficulty": "hard",
      "question": "What is the 4th boss in the 1997 video game 'Crash Bandicoot 2: Cortex Strikes Back'?",
      "correct_answer": "Dr. N. Gin",
      "incorrect_answers": [
        "Dr. Neo Cortex",
        "Komodo Brothers",
        "Tiny Tiger"
      ]
    },
    {
      "category": "Entertainment: Cartoon & Animations",
      "type": "multiple",
      "difficulty": "hard",
      "question": "In the 'Star Wars' universe, what species is Grand Admiral Thrawn?",
      "correct_answer": "Chiss",
      "incorrect_answers": [
        "Gungans",
        "Pantorans",
        "Twi'lek"
      ]
    },
    {
      "category": "Science & Nature",
      "type": "multiple",
      "difficulty": "hard",
      "question": "What is the scientific name for the extinct hominin known as 'Lucy'?",
      "correct_answer": "Australopithecus Afarensis",
      "incorrect_answers": [
        "Australopithecus Africanus",
        "Australopithecus Architeuthis",
        "Australopithecus Antaris"
      ]
    },
    {
      "category": "Entertainment: Board Games",
      "type": "multiple",
      "difficulty": "hard",
      "question": "Which card is on the cover of the Beta rulebook of 'Magic: The Gathering'?",
      "correct_answer": "Bog Wraith",
      "incorrect_answers": [
        "Island",
        "Rock Hydra",
        "Elvish Archers"
      ]
    },
    {
      "category": "Entertainment: Video Games",
      "type": "multiple",
      "difficulty": "hard",
      "question": "What is the real name of 'Warhead' in the Sega Genesis game 'Vectorman'?",
      "correct_answer": "Raster",
      "incorrect_answers": [
        "Peacehead",
        "Vectorkid",
        "Bitmap"
      ]
    },
    {
      "category": "Entertainment: Music",
      "type": "multiple",
      "difficulty": "hard",
      "question": "What was the name of the rock band that Nobuo Uematsu formed that played songs from various Final Fantasy games?",
      "correct_answer": "The Black Mages",
      "incorrect_answers": [
        "The Final Fantasies",
        "The Espers",
        "The Rock Summoners"
      ]
    },
    {
      "category": "History",
      "type": "multiple",
      "difficulty": "hard",
      "question": "In addition to his career as an astrologer and 'prophet', Nostradamus published a 1555 treatise that included a section on what?",
      "correct_answer": "Making jams and jellies",
      "incorrect_answers": [
        "Teaching parrots to talk",
        "Cheating at card games",
        "Digging graves"
      ]
    },
    {
      "category": "Entertainment: Film",
      "type": "multiple",
      "difficulty": "hard",
      "question": "Which boxer was famous for striking the gong in the introduction to J. Arthur Rank films?",
      "correct_answer": "Bombardier Billy Wells",
      "incorrect_answers": [
        "Freddie Mills",
        "Terry Spinks",
        "Don Cockell"
      ]
    },
    {
      "category": "Entertainment: Film",
      "type": "multiple",
      "difficulty": "hard",
      "question": "What was Humphrey Bogart's middle name?",
      "correct_answer": "DeForest",
      "incorrect_answers": [
        "DeWinter",
        "Steven",
        "Bryce"
      ]
    },
    {
      "category": "Entertainment: Video Games",
      "type": "boolean",
      "difficulty": "hard",
      "question": "The video game 'Fuel' has an open world that is 5,560 square miles?",
      "correct_answer": "True",
      "incorrect_answers": [
        "False"
      ]
    },
    {
      "category": "Geography",
      "type": "multiple",
      "difficulty": "hard",
      "question": "Which of these is NOT a real tectonic plate?",
      "correct_answer": "Atlantic Plate",
      "incorrect_answers": [
        "North American Plate",
        "Eurasian Plate",
        "Nazca Plate"
      ]
    },
    {
      "category": "Entertainment: Video Games",
      "type": "multiple",
      "difficulty": "hard",
      "question": "What Touhou Project character's first ever appearance was as a midboss in the eighth game, Imperishable Night?",
      "correct_answer": "Tewi Inaba",
      "incorrect_answers": [
        "Mystia Lorelei",
        "Kaguya Houraisan",
        "Rumia"
      ]
    },
    {
      "category": "Entertainment: Japanese Anime & Manga",
      "type": "multiple",
      "difficulty": "hard",
      "question": "Who was the Author of the manga Monster Hunter Orage?",
      "correct_answer": "Hiro Mashima",
      "incorrect_answers": [
        "Shin Yamamoto",
        "Keiichi Hikami",
        "Hirohiko Araki"
      ]
    },
    {
      "category": "General Knowledge",
      "type": "multiple",
      "difficulty": "hard",
      "question": "Which of the following  British Monarchs never appeared on a circulated pound sterling coin?",
      "correct_answer": "Edward VIII",
      "incorrect_answers": [
        "Victoria",
        "George VI",
        "Charles II"
      ]
    },
    {
      "category": "Entertainment: Film",
      "type": "multiple",
      "difficulty": "hard",
      "question": "The film Mad Max: Fury Road features the Dies Irae  from which composer's requiem?",
      "correct_answer": "Verdi",
      "incorrect_answers": [
        "Mozart",
        "Berlioz",
        "Brahms"
      ]
    },
    {
      "category": "Science & Nature",
      "type": "multiple",
      "difficulty": "hard",
      "question": "What causes the sound of a heartbeat?",
      "correct_answer": "Closure of the heart valves",
      "incorrect_answers": [
        "Contraction of the heart chambers",
        "Blood exiting the heart",
        "Relaxation of the heart chambers"
      ]
    },
    {
      "category": "Entertainment: Television",
      "type": "multiple",
      "difficulty": "hard",
      "question": "What was the date of original airing of the pilot episode of My Little Pony: Friendship is Magic?",
      "correct_answer": "October 10th, 2010",
      "incorrect_answers": [
        "November 6th, 2010",
        "April 14th, 1984",
        "May 18th, 2015"
      ]
    },
    {
      "category": "Entertainment: Music",
      "type": "multiple",
      "difficulty": "hard",
      "question": "Panic! At the Disco's sixth album 'Pray For The Wicked' was released on which date?",
      "correct_answer": "June 22, 2018",
      "incorrect_answers": [
        "May 9, 2018",
        "March 13, 2018",
        "February 21, 2018"
      ]
    },
    {
      "category": "General Knowledge",
      "type": "multiple",
      "difficulty": "hard",
      "question": "In 'Resident Evil 3', how many inventory slots does Jill have at the start of the game?",
      "correct_answer": "10",
      "incorrect_answers": [
        "6",
        "8",
        "12"
      ]
    }
  ]

